"nfx",
"/icon/207360008/",
"dnp",
"/icon/147638351/",
"prv",
"/icon/52449861/",
"hay",
"/icon/89154446/",
"hbm",
"/icon/182948653/",
"cmr",
"/icon/914019/",
"vip",
"/icon/914018/",
"msf",
"/icon/820542/",
"itu",
"/icon/190848813/",
"ply",
"/icon/169478387/",
"mbi",
"/icon/164970114/",
"pmp",
"/icon/242706661/",
"gdc",
"/icon/2625277/",
"nfk",
"/icon/14385750/",
"ytr",
"/icon/70189310/",
"cru",
"/icon/127445869/",
"act",
"/icon/151881328/",
"wak",
"/icon/154602888/",
"atp",
"/icon/152862153/",
"wki",
"/icon/128599720/",
"bck",
"/icon/200635226/",
"sfa",
"/icon/200839563/",
"drf",
"/icon/201699458/",
"cts",
"/icon/48600036/",
"svt",
"/icon/208863379/",
"vfr",
"/icon/208864048/",
"dsv",
"/icon/208148387/",
"chp",
"/icon/208867781/",
"tap",
"/icon/210188323/",
"cnt",
"/icon/208866846/",
"sfx",
"/icon/240831409/",
"wow",
"/icon/243229654/",
"mgl",
"/icon/243233518/",
"bhd",
"/icon/243239329/",
"fmz",
"/icon/243251295/",
"dkk",
"/icon/202068207/",
"trs",
"/icon/244289819/",
"daf",
"/icon/244290074/",
"hoc",
"/icon/141253805/",
"dpe",
"/icon/241126382/",
"eve",
"/icon/258768419/"